iso2,country_name,hdi_2023,hdi_rank,source
IS,Iceland,0.972,1,"UNDP Human Development Report 2025, Statistical Annex Table 1 (HDI 2023), owner-supplied xlsx 2026-09-30"
NO,Norway,0.97,2,"UNDP Human Development Report 2025, Statistical Annex Table 1 (HDI 2023), owner-supplied xlsx 2026-09-30"
CH,Switzerland,0.97,2,"UNDP Human Development Report 2025, Statistical Annex Table 1 (HDI 2023), owner-supplied xlsx 2026-09-30"
DK,Denmark,0.962,4,"UNDP Human Development Report 2025, Statistical Annex Table 1 (HDI 2023), owner-supplied xlsx 2026-09-30"
DE,Germany,0.959,5,"UNDP Human Development Report 2025, Statistical Annex Table 1 (HDI 2023), owner-supplied xlsx 2026-09-30"
SE,Sweden,0.959,5,"UNDP Human Development Report 2025, Statistical Annex Table 1 (HDI 2023), owner-supplied xlsx 2026-09-30"
AU,Australia,0.958,7,"UNDP Human Development Report 2025, Statistical Annex Table 1 (HDI 2023), owner-supplied xlsx 2026-09-30"
HK,"Hong Kong, China (SAR)",0.955,8,"UNDP Human Development Report 2025, Statistical Annex Table 1 (HDI 2023), owner-supplied xlsx 2026-09-30"
NL,Netherlands,0.955,8,"UNDP Human Development Report 2025, Statistical Annex Table 1 (HDI 2023), owner-supplied xlsx 2026-09-30"
BE,Belgium,0.951,10,"UNDP Human Development Report 2025, Statistical Annex Table 1 (HDI 2023), owner-supplied xlsx 2026-09-30"
IE,Ireland,0.949,11,"UNDP Human Development Report 2025, Statistical Annex Table 1 (HDI 2023), owner-supplied xlsx 2026-09-30"
FI,Finland,0.948,12,"UNDP Human Development Report 2025, Statistical Annex Table 1 (HDI 2023), owner-supplied xlsx 2026-09-30"
SG,Singapore,0.946,13,"UNDP Human Development Report 2025, Statistical Annex Table 1 (HDI 2023), owner-supplied xlsx 2026-09-30"
GB,United Kingdom,0.946,13,"UNDP Human Development Report 2025, Statistical Annex Table 1 (HDI 2023), owner-supplied xlsx 2026-09-30"
AE,United Arab Emirates,0.94,15,"UNDP Human Development Report 2025, Statistical Annex Table 1 (HDI 2023), owner-supplied xlsx 2026-09-30"
CA,Canada,0.939,16,"UNDP Human Development Report 2025, Statistical Annex Table 1 (HDI 2023), owner-supplied xlsx 2026-09-30"
LI,Liechtenstein,0.938,17,"UNDP Human Development Report 2025, Statistical Annex Table 1 (HDI 2023), owner-supplied xlsx 2026-09-30"
NZ,New Zealand,0.938,17,"UNDP Human Development Report 2025, Statistical Annex Table 1 (HDI 2023), owner-supplied xlsx 2026-09-30"
US,United States,0.938,17,"UNDP Human Development Report 2025, Statistical Annex Table 1 (HDI 2023), owner-supplied xlsx 2026-09-30"
KR,Korea (Republic of),0.937,20,"UNDP Human Development Report 2025, Statistical Annex Table 1 (HDI 2023), owner-supplied xlsx 2026-09-30"
SI,Slovenia,0.931,21,"UNDP Human Development Report 2025, Statistical Annex Table 1 (HDI 2023), owner-supplied xlsx 2026-09-30"
AT,Austria,0.93,22,"UNDP Human Development Report 2025, Statistical Annex Table 1 (HDI 2023), owner-supplied xlsx 2026-09-30"
JP,Japan,0.925,23,"UNDP Human Development Report 2025, Statistical Annex Table 1 (HDI 2023), owner-supplied xlsx 2026-09-30"
MT,Malta,0.924,24,"UNDP Human Development Report 2025, Statistical Annex Table 1 (HDI 2023), owner-supplied xlsx 2026-09-30"
LU,Luxembourg,0.922,25,"UNDP Human Development Report 2025, Statistical Annex Table 1 (HDI 2023), owner-supplied xlsx 2026-09-30"
FR,France,0.92,26,"UNDP Human Development Report 2025, Statistical Annex Table 1 (HDI 2023), owner-supplied xlsx 2026-09-30"
IL,Israel,0.919,27,"UNDP Human Development Report 2025, Statistical Annex Table 1 (HDI 2023), owner-supplied xlsx 2026-09-30"
ES,Spain,0.918,28,"UNDP Human Development Report 2025, Statistical Annex Table 1 (HDI 2023), owner-supplied xlsx 2026-09-30"
CZ,Czechia,0.915,29,"UNDP Human Development Report 2025, Statistical Annex Table 1 (HDI 2023), owner-supplied xlsx 2026-09-30"
IT,Italy,0.915,29,"UNDP Human Development Report 2025, Statistical Annex Table 1 (HDI 2023), owner-supplied xlsx 2026-09-30"
SM,San Marino,0.915,29,"UNDP Human Development Report 2025, Statistical Annex Table 1 (HDI 2023), owner-supplied xlsx 2026-09-30"
AD,Andorra,0.913,32,"UNDP Human Development Report 2025, Statistical Annex Table 1 (HDI 2023), owner-supplied xlsx 2026-09-30"
CY,Cyprus,0.913,32,"UNDP Human Development Report 2025, Statistical Annex Table 1 (HDI 2023), owner-supplied xlsx 2026-09-30"
GR,Greece,0.908,34,"UNDP Human Development Report 2025, Statistical Annex Table 1 (HDI 2023), owner-supplied xlsx 2026-09-30"
PL,Poland,0.906,35,"UNDP Human Development Report 2025, Statistical Annex Table 1 (HDI 2023), owner-supplied xlsx 2026-09-30"
EE,Estonia,0.905,36,"UNDP Human Development Report 2025, Statistical Annex Table 1 (HDI 2023), owner-supplied xlsx 2026-09-30"
SA,Saudi Arabia,0.9,37,"UNDP Human Development Report 2025, Statistical Annex Table 1 (HDI 2023), owner-supplied xlsx 2026-09-30"
BH,Bahrain,0.899,38,"UNDP Human Development Report 2025, Statistical Annex Table 1 (HDI 2023), owner-supplied xlsx 2026-09-30"
LT,Lithuania,0.895,39,"UNDP Human Development Report 2025, Statistical Annex Table 1 (HDI 2023), owner-supplied xlsx 2026-09-30"
PT,Portugal,0.89,40,"UNDP Human Development Report 2025, Statistical Annex Table 1 (HDI 2023), owner-supplied xlsx 2026-09-30"
HR,Croatia,0.889,41,"UNDP Human Development Report 2025, Statistical Annex Table 1 (HDI 2023), owner-supplied xlsx 2026-09-30"
LV,Latvia,0.889,41,"UNDP Human Development Report 2025, Statistical Annex Table 1 (HDI 2023), owner-supplied xlsx 2026-09-30"
QA,Qatar,0.886,43,"UNDP Human Development Report 2025, Statistical Annex Table 1 (HDI 2023), owner-supplied xlsx 2026-09-30"
SK,Slovakia,0.88,44,"UNDP Human Development Report 2025, Statistical Annex Table 1 (HDI 2023), owner-supplied xlsx 2026-09-30"
CL,Chile,0.878,45,"UNDP Human Development Report 2025, Statistical Annex Table 1 (HDI 2023), owner-supplied xlsx 2026-09-30"
HU,Hungary,0.87,46,"UNDP Human Development Report 2025, Statistical Annex Table 1 (HDI 2023), owner-supplied xlsx 2026-09-30"
AR,Argentina,0.865,47,"UNDP Human Development Report 2025, Statistical Annex Table 1 (HDI 2023), owner-supplied xlsx 2026-09-30"
ME,Montenegro,0.862,48,"UNDP Human Development Report 2025, Statistical Annex Table 1 (HDI 2023), owner-supplied xlsx 2026-09-30"
UY,Uruguay,0.862,48,"UNDP Human Development Report 2025, Statistical Annex Table 1 (HDI 2023), owner-supplied xlsx 2026-09-30"
OM,Oman,0.858,50,"UNDP Human Development Report 2025, Statistical Annex Table 1 (HDI 2023), owner-supplied xlsx 2026-09-30"
TR,Türkiye,0.853,51,"UNDP Human Development Report 2025, Statistical Annex Table 1 (HDI 2023), owner-supplied xlsx 2026-09-30"
KW,Kuwait,0.852,52,"UNDP Human Development Report 2025, Statistical Annex Table 1 (HDI 2023), owner-supplied xlsx 2026-09-30"
AG,Antigua and Barbuda,0.851,53,"UNDP Human Development Report 2025, Statistical Annex Table 1 (HDI 2023), owner-supplied xlsx 2026-09-30"
SC,Seychelles,0.848,54,"UNDP Human Development Report 2025, Statistical Annex Table 1 (HDI 2023), owner-supplied xlsx 2026-09-30"
BG,Bulgaria,0.845,55,"UNDP Human Development Report 2025, Statistical Annex Table 1 (HDI 2023), owner-supplied xlsx 2026-09-30"
RO,Romania,0.845,55,"UNDP Human Development Report 2025, Statistical Annex Table 1 (HDI 2023), owner-supplied xlsx 2026-09-30"
GE,Georgia,0.844,57,"UNDP Human Development Report 2025, Statistical Annex Table 1 (HDI 2023), owner-supplied xlsx 2026-09-30"
KN,Saint Kitts and Nevis,0.84,58,"UNDP Human Development Report 2025, Statistical Annex Table 1 (HDI 2023), owner-supplied xlsx 2026-09-30"
PA,Panama,0.839,59,"UNDP Human Development Report 2025, Statistical Annex Table 1 (HDI 2023), owner-supplied xlsx 2026-09-30"
BN,Brunei Darussalam,0.837,60,"UNDP Human Development Report 2025, Statistical Annex Table 1 (HDI 2023), owner-supplied xlsx 2026-09-30"
KZ,Kazakhstan,0.837,60,"UNDP Human Development Report 2025, Statistical Annex Table 1 (HDI 2023), owner-supplied xlsx 2026-09-30"
CR,Costa Rica,0.833,62,"UNDP Human Development Report 2025, Statistical Annex Table 1 (HDI 2023), owner-supplied xlsx 2026-09-30"
RS,Serbia,0.833,62,"UNDP Human Development Report 2025, Statistical Annex Table 1 (HDI 2023), owner-supplied xlsx 2026-09-30"
RU,Russian Federation,0.832,64,"UNDP Human Development Report 2025, Statistical Annex Table 1 (HDI 2023), owner-supplied xlsx 2026-09-30"
BY,Belarus,0.824,65,"UNDP Human Development Report 2025, Statistical Annex Table 1 (HDI 2023), owner-supplied xlsx 2026-09-30"
BS,Bahamas,0.82,66,"UNDP Human Development Report 2025, Statistical Annex Table 1 (HDI 2023), owner-supplied xlsx 2026-09-30"
MY,Malaysia,0.819,67,"UNDP Human Development Report 2025, Statistical Annex Table 1 (HDI 2023), owner-supplied xlsx 2026-09-30"
MK,North Macedonia,0.815,68,"UNDP Human Development Report 2025, Statistical Annex Table 1 (HDI 2023), owner-supplied xlsx 2026-09-30"
AM,Armenia,0.811,69,"UNDP Human Development Report 2025, Statistical Annex Table 1 (HDI 2023), owner-supplied xlsx 2026-09-30"
BB,Barbados,0.811,69,"UNDP Human Development Report 2025, Statistical Annex Table 1 (HDI 2023), owner-supplied xlsx 2026-09-30"
AL,Albania,0.81,71,"UNDP Human Development Report 2025, Statistical Annex Table 1 (HDI 2023), owner-supplied xlsx 2026-09-30"
TT,Trinidad and Tobago,0.807,72,"UNDP Human Development Report 2025, Statistical Annex Table 1 (HDI 2023), owner-supplied xlsx 2026-09-30"
MU,Mauritius,0.806,73,"UNDP Human Development Report 2025, Statistical Annex Table 1 (HDI 2023), owner-supplied xlsx 2026-09-30"
BA,Bosnia and Herzegovina,0.804,74,"UNDP Human Development Report 2025, Statistical Annex Table 1 (HDI 2023), owner-supplied xlsx 2026-09-30"
IR,Iran (Islamic Republic of),0.799,75,"UNDP Human Development Report 2025, Statistical Annex Table 1 (HDI 2023), owner-supplied xlsx 2026-09-30"
VC,Saint Vincent and the Grenadines,0.798,76,"UNDP Human Development Report 2025, Statistical Annex Table 1 (HDI 2023), owner-supplied xlsx 2026-09-30"
TH,Thailand,0.798,76,"UNDP Human Development Report 2025, Statistical Annex Table 1 (HDI 2023), owner-supplied xlsx 2026-09-30"
CN,China,0.797,78,"UNDP Human Development Report 2025, Statistical Annex Table 1 (HDI 2023), owner-supplied xlsx 2026-09-30"
PE,Peru,0.794,79,"UNDP Human Development Report 2025, Statistical Annex Table 1 (HDI 2023), owner-supplied xlsx 2026-09-30"
GD,Grenada,0.791,80,"UNDP Human Development Report 2025, Statistical Annex Table 1 (HDI 2023), owner-supplied xlsx 2026-09-30"
AZ,Azerbaijan,0.789,81,"UNDP Human Development Report 2025, Statistical Annex Table 1 (HDI 2023), owner-supplied xlsx 2026-09-30"
MX,Mexico,0.789,81,"UNDP Human Development Report 2025, Statistical Annex Table 1 (HDI 2023), owner-supplied xlsx 2026-09-30"
CO,Colombia,0.788,83,"UNDP Human Development Report 2025, Statistical Annex Table 1 (HDI 2023), owner-supplied xlsx 2026-09-30"
BR,Brazil,0.786,84,"UNDP Human Development Report 2025, Statistical Annex Table 1 (HDI 2023), owner-supplied xlsx 2026-09-30"
PW,Palau,0.786,84,"UNDP Human Development Report 2025, Statistical Annex Table 1 (HDI 2023), owner-supplied xlsx 2026-09-30"
MD,Moldova (Republic of),0.785,86,"UNDP Human Development Report 2025, Statistical Annex Table 1 (HDI 2023), owner-supplied xlsx 2026-09-30"
UA,Ukraine,0.779,87,"UNDP Human Development Report 2025, Statistical Annex Table 1 (HDI 2023), owner-supplied xlsx 2026-09-30"
EC,Ecuador,0.777,88,"UNDP Human Development Report 2025, Statistical Annex Table 1 (HDI 2023), owner-supplied xlsx 2026-09-30"
DO,Dominican Republic,0.776,89,"UNDP Human Development Report 2025, Statistical Annex Table 1 (HDI 2023), owner-supplied xlsx 2026-09-30"
GY,Guyana,0.776,89,"UNDP Human Development Report 2025, Statistical Annex Table 1 (HDI 2023), owner-supplied xlsx 2026-09-30"
LK,Sri Lanka,0.776,89,"UNDP Human Development Report 2025, Statistical Annex Table 1 (HDI 2023), owner-supplied xlsx 2026-09-30"
TO,Tonga,0.769,92,"UNDP Human Development Report 2025, Statistical Annex Table 1 (HDI 2023), owner-supplied xlsx 2026-09-30"
MV,Maldives,0.766,93,"UNDP Human Development Report 2025, Statistical Annex Table 1 (HDI 2023), owner-supplied xlsx 2026-09-30"
VN,Viet Nam,0.766,93,"UNDP Human Development Report 2025, Statistical Annex Table 1 (HDI 2023), owner-supplied xlsx 2026-09-30"
TM,Turkmenistan,0.764,95,"UNDP Human Development Report 2025, Statistical Annex Table 1 (HDI 2023), owner-supplied xlsx 2026-09-30"
DZ,Algeria,0.763,96,"UNDP Human Development Report 2025, Statistical Annex Table 1 (HDI 2023), owner-supplied xlsx 2026-09-30"
CU,Cuba,0.762,97,"UNDP Human Development Report 2025, Statistical Annex Table 1 (HDI 2023), owner-supplied xlsx 2026-09-30"
DM,Dominica,0.761,98,"UNDP Human Development Report 2025, Statistical Annex Table 1 (HDI 2023), owner-supplied xlsx 2026-09-30"
PY,Paraguay,0.756,99,"UNDP Human Development Report 2025, Statistical Annex Table 1 (HDI 2023), owner-supplied xlsx 2026-09-30"
EG,Egypt,0.754,100,"UNDP Human Development Report 2025, Statistical Annex Table 1 (HDI 2023), owner-supplied xlsx 2026-09-30"
JO,Jordan,0.754,100,"UNDP Human Development Report 2025, Statistical Annex Table 1 (HDI 2023), owner-supplied xlsx 2026-09-30"
LB,Lebanon,0.752,102,"UNDP Human Development Report 2025, Statistical Annex Table 1 (HDI 2023), owner-supplied xlsx 2026-09-30"
LC,Saint Lucia,0.748,103,"UNDP Human Development Report 2025, Statistical Annex Table 1 (HDI 2023), owner-supplied xlsx 2026-09-30"
MN,Mongolia,0.747,104,"UNDP Human Development Report 2025, Statistical Annex Table 1 (HDI 2023), owner-supplied xlsx 2026-09-30"
TN,Tunisia,0.746,105,"UNDP Human Development Report 2025, Statistical Annex Table 1 (HDI 2023), owner-supplied xlsx 2026-09-30"
ZA,South Africa,0.741,106,"UNDP Human Development Report 2025, Statistical Annex Table 1 (HDI 2023), owner-supplied xlsx 2026-09-30"
UZ,Uzbekistan,0.74,107,"UNDP Human Development Report 2025, Statistical Annex Table 1 (HDI 2023), owner-supplied xlsx 2026-09-30"
BO,Bolivia (Plurinational State of),0.733,108,"UNDP Human Development Report 2025, Statistical Annex Table 1 (HDI 2023), owner-supplied xlsx 2026-09-30"
GA,Gabon,0.733,108,"UNDP Human Development Report 2025, Statistical Annex Table 1 (HDI 2023), owner-supplied xlsx 2026-09-30"
MH,Marshall Islands,0.733,108,"UNDP Human Development Report 2025, Statistical Annex Table 1 (HDI 2023), owner-supplied xlsx 2026-09-30"
BW,Botswana,0.731,111,"UNDP Human Development Report 2025, Statistical Annex Table 1 (HDI 2023), owner-supplied xlsx 2026-09-30"
FJ,Fiji,0.731,111,"UNDP Human Development Report 2025, Statistical Annex Table 1 (HDI 2023), owner-supplied xlsx 2026-09-30"
ID,Indonesia,0.728,113,"UNDP Human Development Report 2025, Statistical Annex Table 1 (HDI 2023), owner-supplied xlsx 2026-09-30"
SR,Suriname,0.722,114,"UNDP Human Development Report 2025, Statistical Annex Table 1 (HDI 2023), owner-supplied xlsx 2026-09-30"
BZ,Belize,0.721,115,"UNDP Human Development Report 2025, Statistical Annex Table 1 (HDI 2023), owner-supplied xlsx 2026-09-30"
LY,Libya,0.721,115,"UNDP Human Development Report 2025, Statistical Annex Table 1 (HDI 2023), owner-supplied xlsx 2026-09-30"
JM,Jamaica,0.72,117,"UNDP Human Development Report 2025, Statistical Annex Table 1 (HDI 2023), owner-supplied xlsx 2026-09-30"
KG,Kyrgyzstan,0.72,117,"UNDP Human Development Report 2025, Statistical Annex Table 1 (HDI 2023), owner-supplied xlsx 2026-09-30"
PH,Philippines,0.72,117,"UNDP Human Development Report 2025, Statistical Annex Table 1 (HDI 2023), owner-supplied xlsx 2026-09-30"
MA,Morocco,0.71,120,"UNDP Human Development Report 2025, Statistical Annex Table 1 (HDI 2023), owner-supplied xlsx 2026-09-30"
VE,Venezuela (Bolivarian Republic of),0.709,121,"UNDP Human Development Report 2025, Statistical Annex Table 1 (HDI 2023), owner-supplied xlsx 2026-09-30"
WS,Samoa,0.708,122,"UNDP Human Development Report 2025, Statistical Annex Table 1 (HDI 2023), owner-supplied xlsx 2026-09-30"
NI,Nicaragua,0.706,123,"UNDP Human Development Report 2025, Statistical Annex Table 1 (HDI 2023), owner-supplied xlsx 2026-09-30"
NR,Nauru,0.703,124,"UNDP Human Development Report 2025, Statistical Annex Table 1 (HDI 2023), owner-supplied xlsx 2026-09-30"
BT,Bhutan,0.698,125,"UNDP Human Development Report 2025, Statistical Annex Table 1 (HDI 2023), owner-supplied xlsx 2026-09-30"
SZ,Eswatini (Kingdom of),0.695,126,"UNDP Human Development Report 2025, Statistical Annex Table 1 (HDI 2023), owner-supplied xlsx 2026-09-30"
IQ,Iraq,0.695,126,"UNDP Human Development Report 2025, Statistical Annex Table 1 (HDI 2023), owner-supplied xlsx 2026-09-30"
TJ,Tajikistan,0.691,128,"UNDP Human Development Report 2025, Statistical Annex Table 1 (HDI 2023), owner-supplied xlsx 2026-09-30"
TV,Tuvalu,0.689,129,"UNDP Human Development Report 2025, Statistical Annex Table 1 (HDI 2023), owner-supplied xlsx 2026-09-30"
BD,Bangladesh,0.685,130,"UNDP Human Development Report 2025, Statistical Annex Table 1 (HDI 2023), owner-supplied xlsx 2026-09-30"
IN,India,0.685,130,"UNDP Human Development Report 2025, Statistical Annex Table 1 (HDI 2023), owner-supplied xlsx 2026-09-30"
SV,El Salvador,0.678,132,"UNDP Human Development Report 2025, Statistical Annex Table 1 (HDI 2023), owner-supplied xlsx 2026-09-30"
GQ,Equatorial Guinea,0.674,133,"UNDP Human Development Report 2025, Statistical Annex Table 1 (HDI 2023), owner-supplied xlsx 2026-09-30"
PS,"Palestine, State of",0.674,133,"UNDP Human Development Report 2025, Statistical Annex Table 1 (HDI 2023), owner-supplied xlsx 2026-09-30"
CV,Cabo Verde,0.668,135,"UNDP Human Development Report 2025, Statistical Annex Table 1 (HDI 2023), owner-supplied xlsx 2026-09-30"
NA,Namibia,0.665,136,"UNDP Human Development Report 2025, Statistical Annex Table 1 (HDI 2023), owner-supplied xlsx 2026-09-30"
GT,Guatemala,0.662,137,"UNDP Human Development Report 2025, Statistical Annex Table 1 (HDI 2023), owner-supplied xlsx 2026-09-30"
CG,Congo,0.649,138,"UNDP Human Development Report 2025, Statistical Annex Table 1 (HDI 2023), owner-supplied xlsx 2026-09-30"
HN,Honduras,0.645,139,"UNDP Human Development Report 2025, Statistical Annex Table 1 (HDI 2023), owner-supplied xlsx 2026-09-30"
KI,Kiribati,0.644,140,"UNDP Human Development Report 2025, Statistical Annex Table 1 (HDI 2023), owner-supplied xlsx 2026-09-30"
ST,Sao Tome and Principe,0.637,141,"UNDP Human Development Report 2025, Statistical Annex Table 1 (HDI 2023), owner-supplied xlsx 2026-09-30"
TL,Timor-Leste,0.634,142,"UNDP Human Development Report 2025, Statistical Annex Table 1 (HDI 2023), owner-supplied xlsx 2026-09-30"
GH,Ghana,0.628,143,"UNDP Human Development Report 2025, Statistical Annex Table 1 (HDI 2023), owner-supplied xlsx 2026-09-30"
KE,Kenya,0.628,143,"UNDP Human Development Report 2025, Statistical Annex Table 1 (HDI 2023), owner-supplied xlsx 2026-09-30"
NP,Nepal,0.622,145,"UNDP Human Development Report 2025, Statistical Annex Table 1 (HDI 2023), owner-supplied xlsx 2026-09-30"
VU,Vanuatu,0.621,146,"UNDP Human Development Report 2025, Statistical Annex Table 1 (HDI 2023), owner-supplied xlsx 2026-09-30"
LA,Lao People's Democratic Republic,0.617,147,"UNDP Human Development Report 2025, Statistical Annex Table 1 (HDI 2023), owner-supplied xlsx 2026-09-30"
AO,Angola,0.616,148,"UNDP Human Development Report 2025, Statistical Annex Table 1 (HDI 2023), owner-supplied xlsx 2026-09-30"
FM,Micronesia (Federated States of),0.615,149,"UNDP Human Development Report 2025, Statistical Annex Table 1 (HDI 2023), owner-supplied xlsx 2026-09-30"
MM,Myanmar,0.609,150,"UNDP Human Development Report 2025, Statistical Annex Table 1 (HDI 2023), owner-supplied xlsx 2026-09-30"
KH,Cambodia,0.606,151,"UNDP Human Development Report 2025, Statistical Annex Table 1 (HDI 2023), owner-supplied xlsx 2026-09-30"
KM,Comoros,0.603,152,"UNDP Human Development Report 2025, Statistical Annex Table 1 (HDI 2023), owner-supplied xlsx 2026-09-30"
ZW,Zimbabwe,0.598,153,"UNDP Human Development Report 2025, Statistical Annex Table 1 (HDI 2023), owner-supplied xlsx 2026-09-30"
ZM,Zambia,0.595,154,"UNDP Human Development Report 2025, Statistical Annex Table 1 (HDI 2023), owner-supplied xlsx 2026-09-30"
CM,Cameroon,0.588,155,"UNDP Human Development Report 2025, Statistical Annex Table 1 (HDI 2023), owner-supplied xlsx 2026-09-30"
SB,Solomon Islands,0.584,156,"UNDP Human Development Report 2025, Statistical Annex Table 1 (HDI 2023), owner-supplied xlsx 2026-09-30"
CI,Côte d'Ivoire,0.582,157,"UNDP Human Development Report 2025, Statistical Annex Table 1 (HDI 2023), owner-supplied xlsx 2026-09-30"
UG,Uganda,0.582,157,"UNDP Human Development Report 2025, Statistical Annex Table 1 (HDI 2023), owner-supplied xlsx 2026-09-30"
RW,Rwanda,0.578,159,"UNDP Human Development Report 2025, Statistical Annex Table 1 (HDI 2023), owner-supplied xlsx 2026-09-30"
PG,Papua New Guinea,0.576,160,"UNDP Human Development Report 2025, Statistical Annex Table 1 (HDI 2023), owner-supplied xlsx 2026-09-30"
TG,Togo,0.571,161,"UNDP Human Development Report 2025, Statistical Annex Table 1 (HDI 2023), owner-supplied xlsx 2026-09-30"
SY,Syrian Arab Republic,0.564,162,"UNDP Human Development Report 2025, Statistical Annex Table 1 (HDI 2023), owner-supplied xlsx 2026-09-30"
MR,Mauritania,0.563,163,"UNDP Human Development Report 2025, Statistical Annex Table 1 (HDI 2023), owner-supplied xlsx 2026-09-30"
NG,Nigeria,0.56,164,"UNDP Human Development Report 2025, Statistical Annex Table 1 (HDI 2023), owner-supplied xlsx 2026-09-30"
TZ,Tanzania (United Republic of),0.555,165,"UNDP Human Development Report 2025, Statistical Annex Table 1 (HDI 2023), owner-supplied xlsx 2026-09-30"
HT,Haiti,0.554,166,"UNDP Human Development Report 2025, Statistical Annex Table 1 (HDI 2023), owner-supplied xlsx 2026-09-30"
LS,Lesotho,0.55,167,"UNDP Human Development Report 2025, Statistical Annex Table 1 (HDI 2023), owner-supplied xlsx 2026-09-30"
PK,Pakistan,0.544,168,"UNDP Human Development Report 2025, Statistical Annex Table 1 (HDI 2023), owner-supplied xlsx 2026-09-30"
SN,Senegal,0.53,169,"UNDP Human Development Report 2025, Statistical Annex Table 1 (HDI 2023), owner-supplied xlsx 2026-09-30"
GM,Gambia,0.524,170,"UNDP Human Development Report 2025, Statistical Annex Table 1 (HDI 2023), owner-supplied xlsx 2026-09-30"
CD,Congo (Democratic Republic of the),0.522,171,"UNDP Human Development Report 2025, Statistical Annex Table 1 (HDI 2023), owner-supplied xlsx 2026-09-30"
MW,Malawi,0.517,172,"UNDP Human Development Report 2025, Statistical Annex Table 1 (HDI 2023), owner-supplied xlsx 2026-09-30"
BJ,Benin,0.515,173,"UNDP Human Development Report 2025, Statistical Annex Table 1 (HDI 2023), owner-supplied xlsx 2026-09-30"
GW,Guinea-Bissau,0.514,174,"UNDP Human Development Report 2025, Statistical Annex Table 1 (HDI 2023), owner-supplied xlsx 2026-09-30"
DJ,Djibouti,0.513,175,"UNDP Human Development Report 2025, Statistical Annex Table 1 (HDI 2023), owner-supplied xlsx 2026-09-30"
SD,Sudan,0.511,176,"UNDP Human Development Report 2025, Statistical Annex Table 1 (HDI 2023), owner-supplied xlsx 2026-09-30"
LR,Liberia,0.51,177,"UNDP Human Development Report 2025, Statistical Annex Table 1 (HDI 2023), owner-supplied xlsx 2026-09-30"
ER,Eritrea,0.503,178,"UNDP Human Development Report 2025, Statistical Annex Table 1 (HDI 2023), owner-supplied xlsx 2026-09-30"
GN,Guinea,0.5,179,"UNDP Human Development Report 2025, Statistical Annex Table 1 (HDI 2023), owner-supplied xlsx 2026-09-30"
ET,Ethiopia,0.497,180,"UNDP Human Development Report 2025, Statistical Annex Table 1 (HDI 2023), owner-supplied xlsx 2026-09-30"
AF,Afghanistan,0.496,181,"UNDP Human Development Report 2025, Statistical Annex Table 1 (HDI 2023), owner-supplied xlsx 2026-09-30"
MZ,Mozambique,0.493,182,"UNDP Human Development Report 2025, Statistical Annex Table 1 (HDI 2023), owner-supplied xlsx 2026-09-30"
MG,Madagascar,0.487,183,"UNDP Human Development Report 2025, Statistical Annex Table 1 (HDI 2023), owner-supplied xlsx 2026-09-30"
YE,Yemen,0.47,184,"UNDP Human Development Report 2025, Statistical Annex Table 1 (HDI 2023), owner-supplied xlsx 2026-09-30"
SL,Sierra Leone,0.467,185,"UNDP Human Development Report 2025, Statistical Annex Table 1 (HDI 2023), owner-supplied xlsx 2026-09-30"
BF,Burkina Faso,0.459,186,"UNDP Human Development Report 2025, Statistical Annex Table 1 (HDI 2023), owner-supplied xlsx 2026-09-30"
BI,Burundi,0.439,187,"UNDP Human Development Report 2025, Statistical Annex Table 1 (HDI 2023), owner-supplied xlsx 2026-09-30"
ML,Mali,0.419,188,"UNDP Human Development Report 2025, Statistical Annex Table 1 (HDI 2023), owner-supplied xlsx 2026-09-30"
NE,Niger,0.419,188,"UNDP Human Development Report 2025, Statistical Annex Table 1 (HDI 2023), owner-supplied xlsx 2026-09-30"
TD,Chad,0.416,190,"UNDP Human Development Report 2025, Statistical Annex Table 1 (HDI 2023), owner-supplied xlsx 2026-09-30"
CF,Central African Republic,0.414,191,"UNDP Human Development Report 2025, Statistical Annex Table 1 (HDI 2023), owner-supplied xlsx 2026-09-30"
SO,Somalia,0.404,192,"UNDP Human Development Report 2025, Statistical Annex Table 1 (HDI 2023), owner-supplied xlsx 2026-09-30"
SS,South Sudan,0.388,193,"UNDP Human Development Report 2025, Statistical Annex Table 1 (HDI 2023), owner-supplied xlsx 2026-09-30"
